Supercharger,Street Address,City,State,city_state,Zip,Country,Stalls,GPS,Elev,Status,Open Date,Tesla,Thread
"Pearl, MS",200 Bass Pro Dr,Pearl,MS,Pearl_MS,39208,USA,8.0,"32.274159, -90.151048",79,Open,3/31/2016,http://www.teslamotors.com/findus/location/supercharger/pearlsupercharger,http://supercharge.info/service/supercharge/discuss?siteId=816
"Terre Haute, IN","Meijer, 5600 E, New Margaret Dr",Terre Haute,IN,TerreHaute_IN,47803,USA,8.0,"39.443345, -87.331737",171,Open,3/30/2016,http://www.teslamotors.com/findus/location/supercharger/terrehaute,http://supercharge.info/service/supercharge/discuss?siteId=807
"Champaign, IL",2401 N Prospect Ave,Champaign,IL,Champaign_IL,61822,USA,8.0,"40.146209, -88.259884",228,Open,3/23/2016,http://www.teslamotors.com/findus/location/supercharger/champaignillinois,http://supercharge.info/service/supercharge/discuss?siteId=802
"Warsaw, NC",2676 W Nc 24 Hwy,Warsaw,NC,Warsaw_NC,28398,USA,6.0,"34.994793, -78.135673",47,Open,3/11/2016,http://www.teslamotors.com/findus/location/supercharger/warsaw,http://supercharge.info/service/supercharge/discuss?siteId=806
"Beatty, NV",700 US-95,Beatty,NV,Beatty_NV,89003,USA,8.0,"36.913718, -116.754371","1,011",Open,2/9/2016,http://www.teslamotors.com/findus/location/supercharger/beattysupercharger,http://supercharge.info/service/supercharge/discuss?siteId=738
"Slidell, LA",Fremaux Town Center 1303 Town Center Pkwy,Slidell,LA,Slidell_LA,70458,USA,8.0,"30.266552, -89.760156",3,Open,2/6/2016,http://www.teslamotors.com/findus/location/supercharger/slidellsupercharger,http://supercharge.info/service/supercharge/discuss?siteId=756
"Buttonwillow, CA",20673 Tracy Ave,Buttonwillow,CA,Buttonwillow_CA,93206,USA,10.0,"35.400105, -119.397796",90,Open,1/29/2016,http://www.teslamotors.com/findus/location/supercharger/buttonwillowsupercharger,http://supercharge.info/service/supercharge/discuss?siteId=729
"Fresno, CA",6709 North Riverside Dr,Fresno,CA,Fresno_CA,93704,USA,10.0,"36.835455, -119.91058",91,Open,1/29/2016,http://www.teslamotors.com/findus/location/supercharger/fresnosupercharger,http://supercharge.info/service/supercharge/discuss?siteId=701
"Mammoth Lakes, CA",165 Old Mammoth Rd,Mammoth Lakes,CA,MammothLakes_CA,93546,USA,8.0,"37.644544, -118.965875","2,390",Open,1/21/2016,http://www.teslamotors.com/findus/location/supercharger/mammothlakessupercharger,http://supercharge.info/service/supercharge/discuss?siteId=709
"Allentown, PA","Tilghman Square, 4680 Broadway",Allentown,PA,Allentown_PA,18104,USA,8.0,"40.588102, -75.559904",125,Open,1/21/2016,http://www.teslamotors.com/findus/location/supercharger/allentownsupercharger,http://supercharge.info/service/supercharge/discuss?siteId=688
"Ukiah, CA",310 S State St,Ukiah,CA,Ukiah_CA,95482,USA,8.0,"39.148694, -123.20787",193,Open,1/13/2016,http://www.teslamotors.com/findus/location/supercharger/ukiahsupercharger,http://supercharge.info/service/supercharge/discuss?siteId=678
"Victoria, TX",3107 South Laurent St,Victoria,TX,Victoria_TX,77901,USA,6.0,"28.766853, -96.978988",23,Open,12/30/2015,http://www.teslamotors.com/findus/location/supercharger/victoriasupercharger,http://supercharge.info/service/supercharge/discuss?siteId=739
"Kelowna, BC","Best Western, 2402 Hwy 97 N",Kelowna,BC,Kelowna_BC,V1X 4J1,Canada,8.0,"49.885795, -119.429273",376,Open,12/30/2015,http://www.teslamotors.com/findus/location/supercharger/kelownasupercharger,http://supercharge.info/service/supercharge/discuss?siteId=731
"Louisville, KY",3101 Bardstown Rd,Louisville,KY,Louisville_KY,40205,USA,8.0,"38.211846, -85.673087",151,Open,12/30/2015,http://www.teslamotors.com/findus/location/supercharger/louisvillesupercharger,http://supercharge.info/service/supercharge/discuss?siteId=748
"Wytheville, VA",165 Malin Dr.,Wytheville,VA,Wytheville_VA,0,USA,6.0,"36.945795, -81.054406",683,Open,12/30/2015,http://www.teslamotors.com/findus/location/supercharger/wythevillesupercharger,http://supercharge.info/service/supercharge/discuss?siteId=754
"Colorado Springs, CO",215 North Cascade Ave,Colorado Springs,CO,ColoradoSprings_CO,80903,USA,8.0,"38.837573, -104.824907","1,835",Open,12/29/2015,http://www.teslamotors.com/findus/location/supercharger/coloradospringssupercharger,http://supercharge.info/service/supercharge/discuss?siteId=733
"Cadillac, MI",8605 34 Rd,Cadillac,MI,Cadillac_MI,49601,USA,8.0,"44.282551, -85.403096",393,Open,12/23/2015,http://www.teslamotors.com/findus/location/supercharger/cadillacsupercharger,http://supercharge.info/service/supercharge/discuss?siteId=682
"Port Hope, ON",Northumberland County Rd 28,Port Hope,ON,PortHope_ON,0,Canada,8.0,"43.97171, -78.285431",108,Open,12/20/2015,http://www.teslamotors.com/findus/location/supercharger/porthopesupercharger,http://supercharge.info/service/supercharge/discuss?siteId=764
"Plantation, FL",813 S University Dr,Plantation,FL,Plantation_FL,33324,USA,8.0,"26.108976, -80.250883",1,Open,12/19/2015,http://www.teslamotors.com/findus/location/supercharger/plantationsupercharger,http://supercharge.info/service/supercharge/discuss?siteId=384
"Asheville, NC",800 Brevard Road,Asheville,NC,Asheville_NC,0,USA,8.0,"35.531391, -82.604487",662,Open,12/16/2015,http://www.teslamotors.com/findus/location/supercharger/ashevillesupercharger,http://supercharge.info/service/supercharge/discuss?siteId=693
"Lexington, VA",880 N. Lee Highway,Lexington,VA,Lexington_VA,0,USA,6.0,"37.796979, -79.419007",319,Open,12/16/2015,http://www.teslamotors.com/findus/location/supercharger/lexingtonvasupercharger,http://supercharge.info/service/supercharge/discuss?siteId=752
"Burbank, CA",811 S San Fernando Blvd,Burbank,CA,Burbank_CA,91502,USA,6.0,"34.174712, -118.300826",168,Open,12/15/2015,http://www.teslamotors.com/findus/location/supercharger/burbank,http://supercharge.info/service/supercharge/discuss?siteId=689
"Tannersville, PA",1000 Premium Outlets Dr,Tannersville,PA,Tannersville_PA,18372,USA,8.0,"41.045431, -75.312244",284,Open,12/14/2015,http://www.teslamotors.com/findus/location/supercharger/tannersvillesupercharger,http://supercharge.info/service/supercharge/discuss?siteId=716
"Augusta, ME",13 Stephen King Dr.,Augusta,ME,Augusta_ME,4330,USA,8.0,"44.34787, -69.786088",96,Open,12/4/2015,http://www.teslamotors.com/findus/location/supercharger/augustasupercharger,http://supercharge.info/service/supercharge/discuss?siteId=747
"Kingsland, GA",Kingsland Welcome Center 1190 East Boone Ave,Kingsland,GA,Kingsland_GA,31548,USA,6.0,"30.790764, -81.663729",8,Open,11/18/2015,http://www.teslamotors.com/findus/location/supercharger/kingslandsupercharger,http://supercharge.info/service/supercharge/discuss?siteId=725
"Greenville, SC",108 Carolina Point Pkwy,Greenville,SC,Greenville_SC,29607,USA,8.0,"34.825895, -82.306973",304,Open,11/9/2015,http://www.teslamotors.com/findus/location/supercharger/greenvillesupercharger,http://supercharge.info/service/supercharge/discuss?siteId=699
"Amarillo, TX",8271 W Amarillo Blvd,Amarillo,TX,Amarillo_TX,79124,USA,8.0,"35.192198, -101.933371","1,134",Open,11/5/2015,http://www.teslamotors.com/findus/location/supercharger/amarillosupercharger,http://supercharge.info/service/supercharge/discuss?siteId=712
"Sandy, OR",16625 SE 362nd Dr,Sandy,OR,Sandy_OR,97055,USA,8.0,"45.403531, -122.294242",236,Open,11/4/2015,http://www.teslamotors.com/findus/location/supercharger/sandysupercharger,http://supercharge.info/service/supercharge/discuss?siteId=702
"Denton, TX",2710 W University Dr,Denton,TX,Denton_TX,76201,USA,6.0,"33.231403, -97.166419",212,Open,11/4/2015,http://www.teslamotors.com/findus/location/supercharger/dentonsupercharger,http://supercharge.info/service/supercharge/discuss?siteId=423
"South Burlington, VT",222 Dorset St,South Burlington,VT,SouthBurlington_VT,5403,USA,8.0,"44.463327, -73.180184",94,Open,11/4/2015,http://www.teslamotors.com/findus/location/supercharger/southburlingtonsupercharger,http://supercharge.info/service/supercharge/discuss?siteId=628
"Binghamton, NY",1062 Front St,Binghamton,NY,Binghamton_NY,13905,USA,8.0,"42.145553, -75.901755",262,Open,11/1/2015,http://www.teslamotors.com/findus/location/supercharger/binghamtonsupercharger,http://supercharge.info/service/supercharge/discuss?siteId=717
"Twin Falls, ID","Twin Falls Tourist Center, 2015 Nielsen Point Place",Twin Falls,ID,TwinFalls_ID,83301,USA,8.0,"42.598103, -114.456183","1,101",Open,10/28/2015,http://www.teslamotors.com/findus/location/supercharger/twinfallssupercharger,http://supercharge.info/service/supercharge/discuss?siteId=691
"Truckee-Brockway Rd, CA",The Rock 11209 Brockway Rd,Truckee,CA,Truckee_CA,96161,USA,8.0,"39.321865, -120.1621","1,801",Open,10/23/2015,http://www.teslamotors.com/findus/location/supercharger/truckeebrockwayroadsupercharger,http://supercharge.info/service/supercharge/discuss?siteId=715
"Gardnerville, NV","Topaz Lodge, 1979 US-395",Gardnerville,NV,Gardnerville_NV,89410,USA,6.0,"38.695341, -119.547596","1,579",Open,10/22/2015,http://www.teslamotors.com/findus/location/supercharger/gardnervillesupercharger,http://supercharge.info/service/supercharge/discuss?siteId=700
"Hinckley, MN",404 Fire Monument Rd,Hinckley,MN,Hinckley_MN,55037,USA,8.0,"46.009592, -92.93155",313,Open,10/21/2015,http://www.teslamotors.com/findus/location/supercharger/hinckleysupercharger,http://supercharge.info/service/supercharge/discuss?siteId=713
"Baxter, MN",6967 Lake Forest Rd,Baxter,MN,Baxter_MN,56425,USA,8.0,"46.378868, -94.256413",369,Open,10/21/2015,http://www.teslamotors.com/findus/location/supercharger/baxtersupercharger,http://supercharge.info/service/supercharge/discuss?siteId=714
"Norfolk, VA",5900 E Virginia Beach Blvd,Norfolk,VA,Norfolk_VA,0,USA,6.0,"36.858614, -76.206015",4,Open,10/18/2015,http://www.teslamotors.com/findus/location/supercharger/norfolksupercharger,http://supercharge.info/service/supercharge/discuss?siteId=611
"Dublin, CA",6701 Amador Plaza Rd,Dublin,CA,Dublin_CA,94568,USA,10.0,"37.702359, -121.92593",103,Open,10/17/2015,http://www.teslamotors.com/findus/location/supercharger/dublinamador,http://supercharge.info/service/supercharge/discuss?siteId=624
"Price, UT",925 West Westwood Blvd,Price,UT,Price_UT,84501,USA,8.0,"39.601655, -110.83131","1,207",Open,10/16/2015,http://www.teslamotors.com/findus/location/supercharger/pricesupercharger,http://supercharge.info/service/supercharge/discuss?siteId=650
"Seabrook, NH",700 Lafayette Rd,Seabrook,NH,Seabrook_NH,3874,USA,8.0,"42.895182, -70.869351",16,Open,10/9/2015,http://www.teslamotors.com/findus/location/supercharger/seabrooksupercharger,http://supercharge.info/service/supercharge/discuss?siteId=616
"Sheboygan, WI","595 Taylor Dr, by Festival Foods",Sheboygan,WI,Sheboygan_WI,53081,USA,8.0,"43.749912, -87.747073",200,Open,10/7/2015,http://www.teslamotors.com/findus/location/supercharger/sheboygansupercharger,http://supercharge.info/service/supercharge/discuss?siteId=620
"Gillette, WY","Hampton Inn, 211 Decker Ct",Gillette,WY,Gillette_WY,82718,USA,4.0,"44.29301, -105.526628","1,400",Open,9/24/2015,http://www.teslamotors.com/findus/location/supercharger/gillettesupercharger,http://supercharge.info/service/supercharge/discuss?siteId=697
"Tallahassee, FL",1400 Village Square Blvd,Tallahassee,FL,Tallahassee_FL,32309,USA,6.0,"30.510935, -84.247838",63,Open,9/23/2015,http://www.teslamotors.com/findus/location/supercharger/tallahasseesupercharger,http://supercharge.info/service/supercharge/discuss?siteId=696
"Tinton Falls, NJ",1 Premium Outlets Blvd,Tinton Falls,NJ,TintonFalls_NJ,7753,USA,8.0,"40.226272, -74.093538",33,Open,9/19/2015,http://www.teslamotors.com/findus/location/supercharger/tintonfallssupercharger,http://supercharge.info/service/supercharge/discuss?siteId=666
"Las Vegas, NM",2500 N Grand Ave,Las Vegas,NM,LasVegas_NM,87701,USA,6.0,"35.621267, -105.204598","1,970",Open,9/14/2015,http://www.teslamotors.com/findus/location/supercharger/lasvegasnmsupercharger,http://supercharge.info/service/supercharge/discuss?siteId=578
"Columbia, MO",915 Port Way,Columbia,MO,Columbia_MO,65201,USA,8.0,"38.958728, -92.252464",254,Open,9/11/2015,http://www.teslamotors.com/findus/location/supercharger/columbiasupercharger,http://supercharge.info/service/supercharge/discuss?siteId=657
Albuquerque NM,2600 Menaul Blvd NE,Albuquerque,NM,Albuquerque_NM,87107,USA,6.0,"35.108962, -106.612794","1,558",Open,9/4/2015,http://www.teslamotors.com/findus/location/supercharger/albuquerquesupercharger,http://supercharge.info/service/supercharge/discuss?siteId=571
"Kennewick, WA",2811 W 10th Ave,Kennewick,WA,Kennewick_WA,99336,USA,8.0,"46.198085, -119.162734",167,Open,9/4/2015,http://www.teslamotors.com/findus/location/supercharger/kennewicksupercharger,http://supercharge.info/service/supercharge/discuss?siteId=670
"Strasburg, VA",119 Hite Ln,Strasburg,VA,Strasburg_VA,22657,USA,6.0,"39.00496, -78.337836",204,Open,9/2/2015,http://www.teslamotors.com/findus/location/supercharger/strasburgsupercharger,http://supercharge.info/service/supercharge/discuss?siteId=632
"Fountain Valley, CA",17900 Newhope St,Fountain Valley,CA,FountainValley_CA,92708,USA,8.0,"33.70278, -117.934127",11,Open,8/28/2015,http://www.teslamotors.com/findus/location/supercharger/fountainvalleysupercharger,http://supercharge.info/service/supercharge/discuss?siteId=653
"Ann Arbor, MI",3145 Saline Road,Ann Arbor,MI,AnnArbor_MI,48108,USA,8.0,"42.240687, -83.766265",282,Open,8/20/2015,http://www.teslamotors.com/findus/location/supercharger/annarborsupercharger,http://supercharge.info/service/supercharge/discuss?siteId=605
"Seaside, CA",1901 Del Monte Blvd,Seaside,CA,Seaside_CA,93955,USA,6.0,"36.616759, -121.844014",10,Open,8/13/2015,http://www.teslamotors.com/findus/location/supercharger/montereyseaside,http://supercharge.info/service/supercharge/discuss?siteId=633
"Dedham, MA",840 Providence Highway,Dedham,MA,Dedham_MA,0,USA,8.0,"42.236034, -71.178634",29,Open,8/8/2015,http://www.teslamotors.com/findus/location/supercharger/dedham,http://supercharge.info/service/supercharge/discuss?siteId=514
"Boise, ID",1426 S Entertainment Ave,Boise,ID,Boise_ID,83709,USA,8.0,"43.591886, -116.279015",838,Open,8/7/2015,http://www.teslamotors.com/findus/location/supercharger/boisesupercharger,http://supercharge.info/service/supercharge/discuss?siteId=627
"Oklahoma City, OK",7624 West Reno Ave #380,Oklahoma City,OK,OklahomaCity_OK,0,USA,8.0,"35.461704, -97.651445",372,Open,7/31/2015,http://www.teslamotors.com/findus/location/supercharger/oklahomacitysupercharger,http://supercharge.info/service/supercharge/discuss?siteId=587
"Trinidad, CO",9960 Santa Fe Trail,Trinidad,CO,Trinidad_CO,81082,USA,6.0,"37.134228, -104.519962","1,933",Open,7/30/2015,http://www.teslamotors.com/findus/location/supercharger/trinidadsupercharger,http://supercharge.info/service/supercharge/discuss?siteId=561
"West Lebanon, NH",285 N Plainfield Rd #1,West Lebanon,NH,WestLebanon_NH,3784,USA,8.0,"43.624616, -72.324692",104,Open,7/17/2015,http://www.teslamotors.com/findus/location/supercharger/westlebanonsupercharger,http://supercharge.info/service/supercharge/discuss?siteId=589
"Duluth, MN",200 W 1st St,Duluth,MN,Duluth_MN,55802,USA,4.0,"46.784467, -92.10232",200,Open,7/17/2015,http://www.teslamotors.com/findus/location/supercharger/duluthsupercharger,http://supercharge.info/service/supercharge/discuss?siteId=645
"Sheridan, WY",612 North Main St,Sheridan,WY,Sheridan_WY,82801,USA,4.0,"44.804565, -106.956363","1,136",Open,7/15/2015,http://www.teslamotors.com/findus/location/supercharger/sheridansupercharger,http://supercharge.info/service/supercharge/discuss?siteId=610
"San Mateo, CA",1200 Park Pl,San Mateo,CA,SanMateo_CA,94403,USA,8.0,"37.544632, -122.290188",3,Open,7/10/2015,http://www.teslamotors.com/findus/location/supercharger/sanmateosupercharger,http://supercharge.info/service/supercharge/discuss?siteId=619
"Houston, TX",14820 North Freeway,Houston,TX,Houston_TX,77090,USA,6.0,"29.980741, -95.421697",31,Open,7/9/2015,http://www.teslamotors.com/findus/location/supercharger/northhouston,http://supercharge.info/service/supercharge/discuss?siteId=644
"Cranbury, NJ",Molly Pitcher Service Area,Cranbury,NJ,Cranbury_NJ,8512,USA,4.0,"40.321021, -74.488254",36,Open,7/9/2015,http://www.teslamotors.com/findus/location/supercharger/cranburysupercharger,http://supercharge.info/service/supercharge/discuss?siteId=574
"Nashville, TN",1641 Westgate Circle,Brentwood,TN,Brentwood_TN,37027,USA,6.0,"35.969209, -86.804641",226,Open,7/8/2015,http://www.teslamotors.com/findus/location/supercharger/brentwood,http://supercharge.info/service/supercharge/discuss?siteId=625
"Grand Rapids, MI",5531 28th St SE,Grand Rapids,MI,GrandRapids_MI,49512,USA,8.0,"42.915523, -85.533929",227,Open,6/25/2015,http://www.teslamotors.com/findus/location/supercharger/grandrapidssupercharger,http://supercharge.info/service/supercharge/discuss?siteId=613
"Baker City, OR",1 Sunridge Ln,Baker City,OR,BakerCity_OR,97814,USA,8.0,"44.782849, -117.812422","1,044",Open,6/25/2015,http://www.teslamotors.com/findus/location/supercharger/bakercitysupercharger,http://supercharge.info/service/supercharge/discuss?siteId=618
"Newburgh, NY",1217 Route 300,Newburgh,NY,Newburgh_NY,12550,USA,6.0,"41.499775, -74.071261",104,Open,6/23/2015,http://www.teslamotors.com/findus/location/supercharger/newburghsupercharger,http://supercharge.info/service/supercharge/discuss?siteId=592
"East Brunswick, NJ","Joyce Kilmer Service Area, New Jersey Turnpike",East Brunswick,NJ,EastBrunswick_NJ,8816,USA,4.0,"40.41701, -74.444085",37,Open,6/19/2015,http://www.teslamotors.com/findus/location/supercharger/eastbrunswicksupercharger,http://supercharge.info/service/supercharge/discuss?siteId=573
"Buffalo, NY",4455 Transit Road,Buffalo,NY,Buffalo_NY,14221,USA,8.0,"42.968673, -78.696128",213,Open,6/11/2015,http://www.teslamotors.com/findus/location/supercharger/buffalosupercharger,http://supercharge.info/service/supercharge/discuss?siteId=415
"Mountain View, CA",1401 N Shoreline Blvd,Mountain View,CA,MountainView_CA,94043,USA,12.0,"37.415344, -122.076607",6,Open,6/10/2015,http://www.teslamotors.com/findus/location/supercharger/mountainviewsupercharger,http://supercharge.info/service/supercharge/discuss?siteId=621
"San Diego, CA",10105 Pacific Heights Blvd,San Diego,CA,SanDiego_CA,92121,USA,12.0,"32.902137, -117.193489",88,Open,6/8/2015,http://www.teslamotors.com/findus/location/supercharger/sandiegosupercharger,http://supercharge.info/service/supercharge/discuss?siteId=479
"Cincinnati, OH","9111 Blue Ash, Rd.",Cincinnati,OH,Cincinnati_OH,45242,USA,8.0,"39.224429, -84.383415",258,Open,6/5/2015,http://www.teslamotors.com/findus/location/supercharger/cincinnati,http://supercharge.info/service/supercharge/discuss?siteId=606
"Pendleton, OR",46510 Wildhorse Blvd,Pendleton,OR,Pendleton_OR,97801,USA,8.0,"45.648679, -118.678968",437,Open,5/28/2015,http://www.teslamotors.com/findus/location/supercharger/pendletonsupercharger,http://supercharge.info/service/supercharge/discuss?siteId=608
"Knoxville, TN",11038 Parkside Dr,Knoxville,TN,Knoxville_TN,37934,USA,8.0,"35.90229, -84.150775",286,Open,5/27/2015,http://www.teslamotors.com/findus/location/supercharger/knoxvillesupercharger,http://supercharge.info/service/supercharge/discuss?siteId=614
"Cleveland, Tesla Service Center",5180 Mayfield Road,Lyndhurst,OH,Lyndhurst_OH,44124,USA,1.0,"41.519027, -81.493345",314,Open,5/9/2015,http://www.teslamotors.com/findus/location/supercharger/cleveland,http://supercharge.info/service/supercharge/discuss?siteId=617
"Marathon, FL",9400 Overseas Highway,Marathon,FL,Marathon_FL,33050,USA,4.0,"24.725172, -81.051135",1,Open,5/2/2015,http://www.teslamotors.com/findus/location/supercharger/marathonsupercharger,http://supercharge.info/service/supercharge/discuss?siteId=450
"Tucumcari, NM",2624 South Adams St,Tucumcari,NM,Tucumcari_NM,88401,USA,6.0,"35.153963, -103.722539","1,253",Open,4/21/2015,http://www.teslamotors.com/findus/location/supercharger/tucumcarinmsupercharger,http://supercharge.info/service/supercharge/discuss?siteId=546
"Mobile, AL",3201 Airport Blvd,Mobile,AL,Mobile_AL,36606,USA,8.0,"30.675347, -88.11901",6,Open,4/16/2015,http://www.teslamotors.com/findus/location/supercharger/mobilealsupercharger,http://supercharge.info/service/supercharge/discuss?siteId=541
"Syracuse, NY","439 Electronics Parkway,",Liverpool,NY,Liverpool_NY,13088,USA,8.0,"43.102516, -76.187475",123,Open,4/16/2015,http://www.teslamotors.com/findus/location/supercharger/syracusesupercharger,http://supercharge.info/service/supercharge/discuss?siteId=547
"Perry, OK",2812 Fir St,Perry,OK,Perry_OK,73077,USA,6.0,"36.289315, -97.325935",330,Open,4/15/2015,http://www.teslamotors.com/findus/location/supercharger/perryoksupercharger,http://supercharge.info/service/supercharge/discuss?siteId=483
"St. Charles, MO",2021 Zumbehl Rd,St. Charles,MO,St.Charles_MO,63303,USA,5.0,"38.782139, -90.532862",149,Open,4/15/2015,http://www.teslamotors.com/findus/location/supercharger/stcharlesmosupercharger,http://supercharge.info/service/supercharge/discuss?siteId=530
"Drummondville, QC",Les Promenades Drummondville 755 boul. Rene-Levesque,Drummondville,QC,Drummondville_QC,J2C 6Y7,Canada,8.0,"45.899084, -72.51942",84,Open,4/8/2015,http://www.teslamotors.com/findus/location/supercharger/drummondvilleqcsupercharger,http://supercharge.info/service/supercharge/discuss?siteId=264
"Tremonton, UT",Hampton Inn 2145 W Main St,Tremonton,UT,Tremonton_UT,84337,USA,6.0,"41.70995, -112.198576","1,317",Open,4/1/2015,http://www.teslamotors.com/findus/location/supercharger/tremontonsupercharger,http://supercharge.info/service/supercharge/discuss?siteId=586
"Effingham, IL",1200 North Keller Dr,Effingham,IL,Effingham_IL,62401,USA,6.0,"39.137048, -88.563736",184,Open,3/28/2015,http://www.teslamotors.com/findus/location/supercharger/effinghamilsupercharger,http://supercharge.info/service/supercharge/discuss?siteId=566
"Mojave, CA",Anthony's Grill 16940 California 14 Hwy 14,Mojave,CA,Mojave_CA,93501,USA,6.0,"35.068595, -118.174576",866,Open,3/27/2015,http://www.teslamotors.com/findus/location/supercharger/mojavesupercharger,http://supercharge.info/service/supercharge/discuss?siteId=512
"Comber, ON",7018 Industrial Dr,Comber,ON,Comber_ON,N0P 1J0,Canada,8.0,"42.238789, -82.550873",182,Open,3/25/2015,http://www.teslamotors.com/findus/location/supercharger/comberonsupercharger,http://supercharge.info/service/supercharge/discuss?siteId=441
"Riviera Beach, FL",4651 Dyer Blvd,Riviera Beach,FL,RivieraBeach_FL,33407,USA,8.0,"26.778172, -80.112944",4,Open,3/21/2015,http://www.teslamotors.com/findus/location/supercharger/westpalmbeach,http://supercharge.info/service/supercharge/discuss?siteId=553
"Inyokern, CA",1353 Brown Rd,Inyokern,CA,Inyokern_CA,93527,USA,4.0,"35.646461, -117.812629",742,Open,3/20/2015,http://www.teslamotors.com/findus/location/supercharger/inyokernsupercharger,http://supercharge.info/service/supercharge/discuss?siteId=513
"Santa Rosa, NM",2516 Historic Rt 66,Santa Rosa,NM,SantaRosa_NM,88435,USA,6.0,"34.947013, -104.647997","1,440",Open,3/13/2015,http://www.teslamotors.com/findus/location/supercharger/santarosanmsupercharger,http://supercharge.info/service/supercharge/discuss?siteId=570
"Ardmore, OK",322 Holiday Dr,Ardmore,OK,Ardmore_OK,73401,USA,6.0,"34.179106, -97.165632",259,Open,3/13/2015,http://www.teslamotors.com/findus/location/supercharger/ardmoreoksupercharger,http://supercharge.info/service/supercharge/discuss?siteId=548
"Council Bluffs, IA",3815 Metro Dr,Council Bluffs,IA,CouncilBluffs_IA,51501,USA,8.0,"41.220005, -95.836123",301,Open,3/11/2015,http://www.teslamotors.com/findus/location/supercharger/councilbluffsiasupercharger,http://supercharge.info/service/supercharge/discuss?siteId=569
"Canmore, AB",1719 Bow Valley Trail,Canmore,AB,Canmore_AB,T1W 1L7,Canada,4.0,"51.100208, -115.359179","1,320",Open,3/11/2015,http://www.teslamotors.com/findus/location/supercharger/canmoreabsupercharger,http://supercharge.info/service/supercharge/discuss?siteId=351
"Weatherford, OK",1301 N Airport Rd by Lucille's Roadhouse,Weatherford,OK,Weatherford_OK,73096,USA,6.0,"35.53859, -98.66012",485,Open,3/11/2015,http://www.teslamotors.com/findus/location/supercharger/weatherfordoksupercharger,http://supercharge.info/service/supercharge/discuss?siteId=565
"Salt Lake City, UT",2312 S State St,Salt Lake City,UT,SaltLakeCity_UT,84115,USA,10.0,"40.7209, -111.888395","1,297",Open,3/6/2015,http://www.teslamotors.com/findus/location/supercharger/saltlakecitysstatestreet,http://supercharge.info/service/supercharge/discuss?siteId=562
"Coeur d'Alene, ID",3458 N Fruitland Ln,Coeur d'Alene,ID,Coeurd'Alene_ID,83815,USA,6.0,"47.708479, -116.794283",685,Open,3/4/2015,http://www.teslamotors.com/findus/location/supercharger/coeurdaleneidsupercharger,http://supercharge.info/service/supercharge/discuss?siteId=516
"Charlotte, NC",2720 Mallard Creek Church RD,Charlotte,NC,Charlotte_NC,28262,USA,8.0,"35.341213, -80.766023",232,Open,2/25/2015,http://www.teslamotors.com/findus/location/supercharger/charlottencsupercharger,http://supercharge.info/service/supercharge/discuss?siteId=378
"Tooele, UT",1568 East Saddleback Blvd,Tooele,UT,Tooele_UT,84074,USA,6.0,"40.684486, -112.268818","1,290",Open,2/25/2015,http://www.teslamotors.com/findus/location/supercharger/tooeleutsupercharger,http://supercharge.info/service/supercharge/discuss?siteId=480
"Shamrock, TX",107 East 12th St,Shamrock,TX,Shamrock_TX,79079,USA,6.0,"35.226765, -100.24836",704,Open,2/20/2015,http://www.teslamotors.com/findus/location/supercharger/shamrocksupercharger,http://supercharge.info/service/supercharge/discuss?siteId=552
"Rocklin (SC), CA",4361 Granite Drive,Rocklin,CA,Rocklin_CA,95677,USA,8.0,"38.800537, -121.210485",98,Open,2/20/2015,http://www.teslamotors.com/findus/location/supercharger/rocklin,http://supercharge.info/service/supercharge/discuss?siteId=485
"Winnemucca, NV",1985 W. Winnemucca Blvd,Winnemucca,NV,Winnemucca_NV,89445,USA,4.0,"40.958847, -117.746497","1,308",Open,2/18/2015,http://www.teslamotors.com/findus/location/supercharger/winnemuccanvsupercharger,http://supercharge.info/service/supercharge/discuss?siteId=531
"Independence, MO",18001 Bass Pro Drive,Independence,MO,Independence_MO,64055,USA,6.0,"39.040814, -94.369265",245,Open,2/17/2015,http://www.teslamotors.com/findus/location/supercharger/independencemosupercharger,http://supercharge.info/service/supercharge/discuss?siteId=560
"West Springfield, MA",935 Riverdale St,West Springfield,MA,WestSpringfield_MA,1089,USA,8.0,"42.130914, -72.621435",17,Open,2/14/2015,http://www.teslamotors.com/findus/location/supercharger/westspringfieldsupercharger,http://supercharge.info/service/supercharge/discuss?siteId=361
"Manteca, CA",960 Perimeter Dr,Manteca,CA,Manteca_CA,95337,USA,8.0,"37.782622, -121.228683",9,Open,2/12/2015,http://www.teslamotors.com/findus/location/supercharger/mantecasupercharger,http://supercharge.info/service/supercharge/discuss?siteId=462
"Utica, NY",50 Auert Ave,Utica,NY,Utica_NY,13501,USA,8.0,"43.113878, -75.206857",128,Open,2/11/2015,http://www.teslamotors.com/findus/location/supercharger/uticanysupercharger,http://supercharge.info/service/supercharge/discuss?siteId=545
"Golden, BC",1200 - 12th Street,Golden,BC,Golden_BC,V0A 1H0,Canada,4.0,"51.31325, -116.974152",802,Open,2/4/2015,http://www.teslamotors.com/findus/location/supercharger/goldenbcsupercharger,http://supercharge.info/service/supercharge/discuss?siteId=430
"London, KY",140 Faith Assembly Church Rd,London,KY,London_KY,40741,USA,6.0,"37.14916, -84.11385",361,Open,2/4/2015,http://www.teslamotors.com/findus/location/supercharger/londonkysupercharger,http://supercharge.info/service/supercharge/discuss?siteId=529
"Elko, NV",2755 Mountain City Hwy,Elko,NV,Elko_NV,89801,USA,6.0,"40.836301, -115.790859","1,574",Open,2/3/2015,http://www.teslamotors.com/findus/location/supercharger/elkonvsupercharger,http://supercharge.info/service/supercharge/discuss?siteId=520
"Petaluma, CA",401 Kenilworth Dr #1030,Petaluma,CA,Petaluma_CA,94952,USA,10.0,"38.242693, -122.625049",8,Open,2/3/2015,http://www.teslamotors.com/findus/location/supercharger/petalumacasupercharger,http://supercharge.info/service/supercharge/discuss?siteId=419
"Lexington, KY",2155 Paul Jones Way,Lexington,KY,Lexington_KY,40509,USA,8.0,"38.017955, -84.420664",310,Open,1/30/2015,http://www.teslamotors.com/findus/location/supercharger/lexingtonkysupercharger,http://supercharge.info/service/supercharge/discuss?siteId=542
"Kingston, ON",97 Dalton Ave,Kingston,ON,Kingston_ON,K7K 0C4,Canada,6.0,"44.267307, -76.503291",90,Open,1/29/2015,http://www.teslamotors.com/findus/location/supercharger/kingstononsupercharger,http://supercharge.info/service/supercharge/discuss?siteId=396
"Barrie, ON",100 Mapleview Dr,Barrie,ON,Barrie_ON,L4N 9H6,Canada,8.0,"44.341123, -79.678975",293,Open,1/29/2015,http://www.teslamotors.com/findus/location/supercharger/barrieonsupercharger,http://supercharge.info/service/supercharge/discuss?siteId=328
"Lovelock, NV",150 Main St,Lovelock,NV,Lovelock_NV,89419,USA,4.0,"40.179476, -118.472135","1,213",Open,1/28/2015,http://www.teslamotors.com/findus/location/supercharger/lovelocknvsupercharger,http://supercharge.info/service/supercharge/discuss?siteId=498
"Lone Pine, CA",701 S. Main St,Lone Pine,CA,LonePine_CA,93545,USA,4.0,"36.60059, -118.061916","1,137",Open,1/28/2015,http://www.teslamotors.com/findus/location/supercharger/lonepinecasupercharger,http://supercharge.info/service/supercharge/discuss?siteId=365
"Baton Rouge, LA",3535 Perkins Rd,Baton Rouge,LA,BatonRouge_LA,70808,USA,6.0,"30.423892, -91.154637",10,Open,1/22/2015,http://www.teslamotors.com/findus/location/supercharger/batonrougelasupercharger,http://supercharge.info/service/supercharge/discuss?siteId=349
"Red Deer, AB",3310 50 Ave,Red Deer,AB,RedDeer_AB,T4N 3X9,Canada,4.0,"52.251899, -113.814659",878,Open,1/22/2015,http://www.teslamotors.com/findus/location/supercharger/reddeersabupercharger,http://supercharge.info/service/supercharge/discuss?siteId=375
"West Wendover, NV",810 Wendover Blvd,West Wendover,NV,WestWendover_NV,89883,USA,6.0,"40.738399, -114.058998","1,335",Open,1/22/2015,http://www.teslamotors.com/findus/location/supercharger/westwendovernvsupercharger,http://supercharge.info/service/supercharge/discuss?siteId=477
"Montreal (SC), QC",5350 Ferrier St,Montreal,QC,Montreal_QC,H4P 1L9,Canada,2.0,"45.496185, -73.658793",46,Open,1/22/2015,http://www.teslamotors.com/findus/location/supercharger/montrealferrier,http://supercharge.info/service/supercharge/discuss?siteId=437
"Wichita, KS",4760 S. Broadway St.,Wichita,KS,Wichita_KS,67216,USA,6.0,"37.60878, -97.33314",388,Open,1/21/2015,http://www.teslamotors.com/findus/location/supercharger/wichitakssupercharger,http://supercharge.info/service/supercharge/discuss?siteId=484
"Hooksett (north), NH",Interstate 93 N,Hooksett,NH,Hooksett_NH,3106,USA,6.0,"43.110063, -71.475087",85,Open,1/20/2015,http://www.teslamotors.com/findus/location/supercharger/hooksettnbsupercharger,http://supercharge.info/service/supercharge/discuss?siteId=466
"Redondo Beach, CA",2410 Marine Ave,Redondo Beach,CA,RedondoBeach_CA,90278,USA,8.0,"33.894294, -118.367379",21,Open,1/20/2015,http://www.teslamotors.com/findus/location/supercharger/redondobeachsupercharger,http://supercharge.info/service/supercharge/discuss?siteId=521
"Brattleboro, VT",499 Canal St,Brattleboro,VT,Brattleboro_VT,5301,USA,8.0,"42.838443, -72.565798",129,Open,1/16/2015,http://www.teslamotors.com/findus/location/supercharger/brattleborovtsupercharger,http://supercharge.info/service/supercharge/discuss?siteId=456
"Grove City, OH",2221 Stringtown Rd,Grove City,OH,GroveCity_OH,43123,USA,8.0,"39.877253, -83.063448",243,Open,1/16/2015,http://www.teslamotors.com/findus/location/supercharger/grovecityohsupercharger,http://supercharge.info/service/supercharge/discuss?siteId=334
"Needles, CA",2451 Needles HWY,Needles,CA,Needles_CA,92363,USA,4.0,"34.850835, -114.624329",157,Open,1/16/2015,http://www.teslamotors.com/findus/location/supercharger/needlescasupercharger,http://supercharge.info/service/supercharge/discuss?siteId=522
"Hooksett (south), NH",Interstate 93 S,Hooksett,NH,Hooksett_NH,3106,USA,6.0,"43.109521, -71.477006",85,Open,1/15/2015,http://www.teslamotors.com/findus/location/supercharger/hooksettsbnhsupercharger,http://supercharge.info/service/supercharge/discuss?siteId=467
"Springfield, IL",3801 South MacArthur Blvd,Springfield,IL,Springfield_IL,62711,USA,8.0,"39.748868, -89.67119",184,Open,1/9/2015,http://www.teslamotors.com/findus/location/supercharger/springfieldilsupercharger,http://supercharge.info/service/supercharge/discuss?siteId=510
"DeFuniak Springs, FL",10th St and Baldwin Ave,DeFuniak Springs,FL,DeFuniakSprings_FL,32435,USA,5.0,"30.720702, -86.116677",76,Open,1/9/2015,http://www.teslamotors.com/findus/location/supercharger/defuniakspringssupercharger,http://supercharge.info/service/supercharge/discuss?siteId=252
"Revelstoke, BC",1925 Laforme Blvd,Revelstoke,BC,Revelstoke_BC,BC V0E,Canada,4.0,"51.009594, -118.218857",451,Open,12/30/2014,http://www.teslamotors.com/findus/location/supercharger/revelstokesupercharger,http://supercharge.info/service/supercharge/discuss?siteId=347
"Auburn, MA",385 Southbridge St,Auburn,MA,Auburn_MA,1501,USA,8.0,"42.203608, -71.832516",156,Open,12/29/2014,http://www.teslamotors.com/findus/location/supercharger/auburnmasupercharger,http://supercharge.info/service/supercharge/discuss?siteId=295
"El Centro, CA",3451 S Dogwood Rd,El Centro,CA,ElCentro_CA,92243,USA,8.0,"32.763723, -115.531517",-8,Open,12/28/2014,http://www.teslamotors.com/findus/location/supercharger/elcentrosupercharger,http://supercharge.info/service/supercharge/discuss?siteId=112
"Lima, OH",1933 Roschman Ave,Lima,OH,Lima_OH,45804,USA,8.0,"40.726668, -84.071932",271,Open,12/23/2014,http://www.teslamotors.com/findus/location/supercharger/limasupercharger,http://supercharge.info/service/supercharge/discuss?siteId=487
"Auburn, AL",1627 Opelika Rd,Auburn,AL,Auburn_AL,0,USA,6.0,"32.625185, -85.446314",222,Open,12/23/2014,http://www.teslamotors.com/findus/location/supercharger/auburnalsupercharger,http://supercharge.info/service/supercharge/discuss?siteId=470
"Kamloops, BC",1290 Trans-Canada Hwy,Kamloops,BC,Kamloops_BC,V2C 6R3,Canada,4.0,"50.655233, -120.368302",616,Open,12/23/2014,http://www.teslamotors.com/findus/location/supercharger/kamloopssupercharger,http://supercharge.info/service/supercharge/discuss?siteId=352
"Lake Charles, LA",1772 W. Prien Lake Rd,Lake Charles,LA,LakeCharles_LA,70601,USA,6.0,"30.200741, -93.248171",3,Open,12/21/2014,http://www.teslamotors.com/findus/location/supercharger/lakecharlessupercharger,http://supercharge.info/service/supercharge/discuss?siteId=364
"Atlanta, GA",1371 Market St NW,Atlanta,GA,Atlanta_GA,30363,USA,10.0,"33.792089, -84.393747",268,Open,12/18/2014,http://www.teslamotors.com/findus/location/supercharger/atlantasupercharger,http://supercharge.info/service/supercharge/discuss?siteId=277
"Culver City, CA",6000 Hannum Ave,Culver City,CA,CulverCity_CA,90230,USA,12.0,"33.986779, -118.390213",13,Open,12/18/2014,http://www.teslamotors.com/findus/location/supercharger/culvercitysupercharger,http://supercharge.info/service/supercharge/discuss?siteId=417
"Woodstock, ON",580 Bruin Boulevard,Woodstock,ON,Woodstock_ON,N4V 1E5,Canada,8.0,"43.111918, -80.738804",291,Open,12/17/2014,http://www.teslamotors.com/findus/location/supercharger/woodstocksupercharger,http://supercharge.info/service/supercharge/discuss?siteId=478
"Cabazon, CA",48400 Seminole Dr,Cabazon,CA,Cabazon_CA,92230,USA,10.0,"33.93129, -116.820041",620,Open,12/17/2014,http://www.teslamotors.com/findus/location/supercharger/cabazonsupercharger,http://supercharge.info/service/supercharge/discuss?siteId=402
"Hope, BC",Fort St and Fraser Ave,Hope,BC,Hope_BC,V0X 1L0,Canada,6.0,"49.37829, -121.442822",44,Open,12/9/2014,http://www.teslamotors.com/findus/location/supercharger/hopesupercharger,http://supercharge.info/service/supercharge/discuss?siteId=324
"Greenville, AL",219 Interstate Dr,Greenville,AL,Greenville_AL,36037,USA,6.0,"31.855989, -86.635765",145,Open,12/6/2014,http://www.teslamotors.com/findus/location/supercharger/greenvillealsupercharger,http://supercharge.info/service/supercharge/discuss?siteId=468
"Superior, MT",205 E 4th Ave,Superior,MT,Superior_MT,59872,USA,4.0,"47.192149, -114.888901",835,Open,12/5/2014,http://www.teslamotors.com/findus/location/supercharger/superiorsupercharger,http://supercharge.info/service/supercharge/discuss?siteId=414
"West Hartford, CT",1445 New Britain Ave,West Hartford,CT,WestHartford_CT,6110,USA,8.0,"41.722672, -72.759717",52,Open,12/5/2014,http://www.teslamotors.com/findus/location/supercharger/westhartfordsupercharger,http://supercharge.info/service/supercharge/discuss?siteId=348
"Butte, MT",2900 Harrison Ave,Butte,MT,Butte_MT,59701,USA,6.0,"45.981226, -112.507161","1,666",Open,12/4/2014,http://www.teslamotors.com/findus/location/supercharger/buttesupercharger,http://supercharge.info/service/supercharge/discuss?siteId=409
"Paramus, NJ",530 New Jersey 17,Paramus,NJ,Paramus_NJ,7652,USA,8.0,"40.957429, -74.07408",15,Open,11/26/2014,http://www.teslamotors.com/findus/location/supercharger/paramusroute17,http://supercharge.info/service/supercharge/discuss?siteId=398
"Primm, NV",31900 Las Vegas Blvd S,Primm,NV,Primm_NV,89019,USA,8.0,"35.610687, -115.388028",795,Open,11/26/2014,http://www.teslamotors.com/findus/location/supercharger/primmsupercharger,http://supercharge.info/service/supercharge/discuss?siteId=386
"Fort Drum, FL",184 Florida's Turnpike,Okeechobee,FL,Okeechobee_FL,34972,USA,6.0,"27.601444, -80.822187",16,Open,11/26/2014,http://www.teslamotors.com/findus/location/supercharger/fortdrumsupercharger,http://supercharge.info/service/supercharge/discuss?siteId=410
"Orlando, FL",Turkey Lake Service Plaza,Orlando,FL,Orlando_FL,32835,USA,6.0,"28.514874, -81.500214",1,Open,11/21/2014,http://www.teslamotors.com/findus/location/supercharger/turkeylakesupercharger,http://supercharge.info/service/supercharge/discuss?siteId=385
"Rancho Cucamonga, CA",12505 North Main Street,Rancho Cucamonga,CA,RanchoCucamonga_CA,91739,USA,12.0,"34.113592, -117.529406",381,Open,11/20/2014,http://www.teslamotors.com/findus/location/supercharger/ranchocucamonga,http://supercharge.info/service/supercharge/discuss?siteId=362
"Decatur, GA",1580 Church St,Decatur,GA,Decatur_GA,30033,USA,4.0,"33.793217, -84.285379",310,Open,11/20/2014,http://www.teslamotors.com/findus/location/supercharger/atlantadecatur,http://supercharge.info/service/supercharge/discuss?siteId=407
"Dayton, OH",9200 N Main St,Dayton,OH,Dayton_OH,45445,USA,8.0,"39.85675, -84.276458",258,Open,11/11/2014,http://www.teslamotors.com/findus/location/supercharger/daytonsupercharger,http://supercharge.info/service/supercharge/discuss?siteId=241
"Denver, CO",4310 Airport Way,Denver,CO,Denver_CO,80239,USA,6.0,"39.775259, -104.794674","1,641",Open,11/8/2014,http://www.teslamotors.com/findus/location/supercharger/denversupercharger,http://supercharge.info/service/supercharge/discuss?siteId=340
"Country Club Hills, IL",4201 167th St,Country Club Hills,IL,CountryClubHills_IL,60478,USA,8.0,"41.584927, -87.721062",205,Open,11/8/2014,http://www.teslamotors.com/findus/location/supercharger/countryclubhillssupercharger,http://supercharge.info/service/supercharge/discuss?siteId=408
"Salisbury, MD",2300 North Salisbury Blvd.,Salisbury,MD,Salisbury_MD,21801,USA,6.0,"38.401648, -75.564818",12,Open,11/8/2014,http://www.teslamotors.com/findus/location/supercharger/salisburysupercharger,http://supercharge.info/service/supercharge/discuss?siteId=421
"Ocala, FL",4414 SW College Road,Ocala,FL,Ocala_FL,34474,USA,8.0,"29.140985, -82.19395",23,Open,11/3/2014,http://www.teslamotors.com/findus/location/supercharger/ocalasupercharger,http://supercharge.info/service/supercharge/discuss?siteId=305
"Indianapolis, IN",5120 Victory Drive,Indianapolis,IN,Indianapolis_IN,46203,USA,8.0,"39.702444, -86.079687",253,Open,10/29/2014,http://www.teslamotors.com/findus/location/supercharger/indianapolissupercharger,http://supercharge.info/service/supercharge/discuss?siteId=333
"Missoula, MT",5280 Grant Creek Rd,Missoula,MT,Missoula_MT,59808,USA,6.0,"46.912545, -114.031824","1,009",Open,10/29/2014,http://www.teslamotors.com/findus/location/supercharger/missoulasupercharger,http://supercharge.info/service/supercharge/discuss?siteId=332
"Sagamore, MA",22 Meetinghouse Ln,Sagamore,MA,Sagamore_MA,2562,USA,8.0,"41.781242, -70.540271",26,Open,10/27/2014,http://www.teslamotors.com/findus/location/supercharger/sagamorebeachsupercharger,http://supercharge.info/service/supercharge/discuss?siteId=253
"Big Timber, MT",228 Big Timber Loop Rd,Big Timber,MT,BigTimber_MT,59011,USA,4.0,"45.836945, -109.944577","1,245",Open,10/22/2014,http://www.teslamotors.com/findus/location/supercharger/bigtimbersupercharger,http://supercharge.info/service/supercharge/discuss?siteId=363
"Bozeman, MT",2023 Commerce Way,Bozeman,MT,Bozeman_MT,59715,USA,4.0,"45.700078, -111.062569","1,442",Open,10/22/2014,http://www.teslamotors.com/findus/location/supercharger/bozemansupercharger,http://supercharge.info/service/supercharge/discuss?siteId=294
"Topeka, KS",5930 Huntoon Street,Topeka,KS,Topeka_KS,66614,USA,8.0,"39.044199, -95.76046",283,Open,10/17/2014,http://www.teslamotors.com/findus/location/supercharger/topekasupercharger,http://supercharge.info/service/supercharge/discuss?siteId=350
"Cordes Lakes, AZ",14925 Cordes Lakes Rd,Mayer,AZ,Mayer_AZ,86333,USA,6.0,"34.327131, -112.118432","1,150",Open,10/14/2014,http://www.teslamotors.com/findus/location/supercharger/cordeslakessupercharger,http://supercharge.info/service/supercharge/discuss?siteId=233
"Lafayette, IN",4901 Indiana 26,Lafayette,IN,Lafayette_IN,47905,USA,8.0,"40.416993, -86.812428",202,Open,10/10/2014,http://www.teslamotors.com/findus/location/supercharger/lafayettesupercharger,http://supercharge.info/service/supercharge/discuss?siteId=355
"Casa Grande, AZ",2453 E Florence,Casa Grande,AZ,CasaGrande_AZ,85194,USA,6.0,"32.87888, -111.681742",435,Open,9/30/2014,http://www.teslamotors.com/findus/location/supercharger/casagrandesupercharger,http://supercharge.info/service/supercharge/discuss?siteId=286
"Indio, CA",42100 Jackson St,Indio,CA,Indio_CA,92203,USA,8.0,"33.741484, -116.215019",-3,Open,9/26/2014,http://www.teslamotors.com/findus/location/supercharger/indiosupercharger,http://supercharge.info/service/supercharge/discuss?siteId=118
"Oxnard, CA",2751 Park View Ct,Oxnard,CA,Oxnard_CA,93036,USA,10.0,"34.238654, -119.177398",24,Open,9/24/2014,http://www.teslamotors.com/findus/location/supercharger/oxnardsupercharger,http://supercharge.info/service/supercharge/discuss?siteId=120
"Brandon, FL",2400 W Brandon Blvd,Brandon,FL,Brandon_FL,33511,USA,8.0,"27.940831, -82.323648",12,Open,9/24/2014,http://www.teslamotors.com/findus/location/supercharger/brandonsupercharger,http://supercharge.info/service/supercharge/discuss?siteId=297
"Grand Ave (SC), Chicago, IL",1053 W Grand Ave,Chicago,IL,Chicago_IL,60642,USA,2.0,"41.890732, -87.654125",181,Open,9/9/2014,http://www.teslamotors.com/findus/location/supercharger/chicagograndave,http://supercharge.info/service/supercharge/discuss?siteId=339
"Chattanooga, TN",1001 Airport Rd,Chattanooga,TN,Chattanooga_TN,37421,USA,6.0,"35.037458, -85.196339",204,Open,9/4/2014,http://www.teslamotors.com/findus/location/supercharger/chattanoogasupercharger,http://supercharge.info/service/supercharge/discuss?siteId=242
"Cornwall, ON",805 Brookdale Ave,Cornwall,ON,Cornwall_ON,K6J 4P3,Canada,6.0,"45.023665, -74.747845",431,Open,8/28/2014,http://www.teslamotors.com/findus/location/supercharger/cornwallsupercharger,http://supercharge.info/service/supercharge/discuss?siteId=304
"Toronto (SC), ON",1325 Lawrence Ave East,Toronto,ON,Toronto_ON,M3A 1C6,Canada,8.0,"43.740222, -79.322389",138,Open,8/26/2014,http://www.teslamotors.com/findus/location/supercharger/toronto,http://supercharge.info/service/supercharge/discuss?siteId=309
"Truckee, CA",11290 Donner Pass Rd,Truckee,CA,Truckee_CA,96161,USA,6.0,"39.327507, -120.207373","1,967",Open,8/26/2014,http://www.teslamotors.com/findus/location/supercharger/truckeesupercharger,http://supercharge.info/service/supercharge/discuss?siteId=250
"Edison, NJ",199 Lafayette Ave,Edison,NJ,Edison_NJ,8837,USA,8.0,"40.544814, -74.333248",30,Open,8/22/2014,http://www.teslamotors.com/findus/location/supercharger/edisonsupercharger,http://supercharge.info/service/supercharge/discuss?siteId=158
"Lake City, FL",2893 W US Highway 90,Lake City,FL,LakeCity_FL,32055,USA,6.0,"30.181429, -82.679701",46,Open,8/20/2014,http://www.teslamotors.com/findus/location/supercharger/lakecitysupercharger,http://supercharge.info/service/supercharge/discuss?siteId=303
"St. George, UT",1091 N Bluff St,St. George,UT,St.George_UT,84770,USA,4.0,"37.125336, -113.60272",887,Open,8/14/2014,http://www.teslamotors.com/findus/location/supercharger/stgeorgesupercharger,http://supercharge.info/service/supercharge/discuss?siteId=192
"South Hill, VA",1791 N Mecklenburg Ave,South Hill,VA,SouthHill_VA,23970,USA,6.0,"36.748445, -78.103764",125,Open,8/7/2014,http://www.teslamotors.com/findus/location/supercharger/southhillsupercharger,http://supercharge.info/service/supercharge/discuss?siteId=268
"The Dalles, OR",2114 W 6th,The Dalles,OR,TheDalles_OR,97058,USA,5.0,"45.611964, -121.208526",45,Open,8/1/2014,http://www.teslamotors.com/findus/location/supercharger/thedallessupercharger,http://supercharge.info/service/supercharge/discuss?siteId=278
"Billings, MT",1801 Majestic LN,Billings,MT,Billings_MT,59102,USA,4.0,"45.733716, -108.604573",978,Open,7/23/2014,http://www.teslamotors.com/findus/location/supercharger/billingssupercharger,http://supercharge.info/service/supercharge/discuss?siteId=282
"Squamish, BC",40147 Glenalder Pl,Squamish,BC,Squamish_BC,V8B 0G2,Canada,6.0,"49.736901, -123.134573",35,Open,7/12/2014,http://www.teslamotors.com/findus/location/supercharger/squamishsupercharger,http://supercharge.info/service/supercharge/discuss?siteId=207
"Wickenburg, AZ",155 N Tegner Tt,Wickenburg,AZ,Wickenburg_AZ,85390,USA,6.0,"33.970233, -112.73165",628,Open,7/11/2014,http://www.teslamotors.com/findus/location/supercharger/wickenburgsupercharger,http://supercharge.info/service/supercharge/discuss?siteId=106
"Tifton, GA",1310 U.S. 82,Tifton,GA,Tifton_GA,31794,USA,8.0,"31.448583, -83.534472",92,Open,7/10/2014,http://www.teslamotors.com/findus/location/supercharger/tiftonsupercharger,http://supercharge.info/service/supercharge/discuss?siteId=142
"Salina, KS",755 W Diamond Dr,Salina,KS,Salina_KS,67401,USA,6.0,"38.877342, -97.618699",371,Open,7/4/2014,http://www.teslamotors.com/findus/location/supercharger/salinasupercharger,http://supercharge.info/service/supercharge/discuss?siteId=251
"Limon, CO",2221 6th St,Limon,CO,Limon_CO,80828,USA,6.0,"39.268842, -103.708604","1,652",Open,6/21/2014,http://www.teslamotors.com/findus/location/supercharger/limonsupercharger,http://supercharge.info/service/supercharge/discuss?siteId=238
"Goodland, KS",2631 Enterprise Rd,Goodland,KS,Goodland_KS,67735,USA,6.0,"39.326253, -101.725171","1,129",Open,6/13/2014,http://www.teslamotors.com/findus/location/supercharger/goodlandsupercharger,http://supercharge.info/service/supercharge/discuss?siteId=149
"Hays, KS",4101 Vine St,Hays,KS,Hays_KS,67601,USA,6.0,"38.900543, -99.319142",626,Open,6/12/2014,http://www.teslamotors.com/findus/location/supercharger/hayssupercharger,http://supercharge.info/service/supercharge/discuss?siteId=237
"Nephi, UT",2100 S Main St,Nephi,UT,Nephi_UT,84648,USA,6.0,"39.678397, -111.840704","1,555",Open,6/11/2014,http://www.teslamotors.com/findus/location/supercharger/nephisupercharger,http://supercharge.info/service/supercharge/discuss?siteId=239
"Ritzville, WA",105 Galbreath Way,Ritzville,WA,Ritzville_WA,99169,USA,4.0,"47.116294, -118.368328",570,Open,5/18/2014,http://www.teslamotors.com/findus/location/supercharger/ritzvillesupercharger,http://supercharge.info/service/supercharge/discuss?siteId=198
"Gila Bend, AZ",826 W Pima St,Gila Bend,AZ,GilaBend_AZ,85337,USA,8.0,"32.943969, -112.733506",221,Open,5/17/2014,http://www.teslamotors.com/findus/location/supercharger/gilabendsupercharger,http://supercharge.info/service/supercharge/discuss?siteId=102
"Macon, GA",450 Martin Luther King Jr Blvd,Macon,GA,Macon_GA,31201,USA,8.0,"32.833428, -83.625557",98,Open,5/8/2014,http://www.teslamotors.com/findus/location/supercharger/macongasupercharger,http://supercharge.info/service/supercharge/discuss?siteId=140
"Triadelphia, WV",35 Bob Wise Drive,Triadelphia,WV,Triadelphia_WV,26059,USA,4.0,"40.060757, -80.602874",397,Open,5/7/2014,http://www.teslamotors.com/findus/location/supercharger/triadelphiasupercharger,http://supercharge.info/service/supercharge/discuss?siteId=199
"San Juan Capistrano, CA",31971 Camino Capistrano,San Juan Capistrano,CA,SanJuanCapistrano_CA,92675,USA,7.0,"33.498458, -117.6632",30,Open,5/6/2014,http://www.teslamotors.com/findus/location/supercharger/sanjuancapistranosupercharger,http://supercharge.info/service/supercharge/discuss?siteId=122
"Woodbridge, VA",2700 Potomac Mills Circle,Woodbridge,VA,Woodbridge_VA,22192,USA,8.0,"38.64082, -77.29633",63,Open,5/2/2014,http://www.teslamotors.com/findus/location/supercharger/woodbridgesupercharger,http://supercharge.info/service/supercharge/discuss?siteId=194
"Albany, NY",131 Colonie Center,Albany,NY,Albany_NY,12205,USA,6.0,"42.710356, -73.819109",88,Open,4/30/2014,http://www.teslamotors.com/findus/location/supercharger/albanysupercharger,http://supercharge.info/service/supercharge/discuss?siteId=160
"Roseville, CA",1151 Galleria Blvd,Roseville,CA,Roseville_CA,95678,USA,7.0,"38.771208, -121.266149",66,Open,4/29/2014,http://www.teslamotors.com/findus/location/supercharger/rosevillesupercharger,http://supercharge.info/service/supercharge/discuss?siteId=123
"Hamilton Marketplace, NJ",425 Marketplace Blvd,Hamilton Township,NJ,HamiltonTownship_NJ,8691,USA,6.0,"40.195539, -74.641375",21,Open,4/22/2014,http://www.teslamotors.com/findus/location/supercharger/hamiltontownshipsupercharger,http://supercharge.info/service/supercharge/discuss?siteId=159
"Beaver, UT",Littlefield Interchange,Beaver,UT,Beaver_UT,84713,USA,4.0,"38.249149, -112.652524","1,790",Open,4/14/2014,http://www.teslamotors.com/findus/location/supercharger/beaversupercharger,http://supercharge.info/service/supercharge/discuss?siteId=187
"Cranberry, PA",1308 Freedom Rd,Cranberry Township,PA,CranberryTownship_PA,16066,USA,6.0,"40.683982, -80.10839",312,Open,4/4/2014,http://www.teslamotors.com/findus/location/supercharger/cranberrytownshipsupercharger,http://supercharge.info/service/supercharge/discuss?siteId=173
"Richfield, UT",20 W 1400 N,Richfield,UT,Richfield_UT,84701,USA,4.0,"38.788161, -112.083841","1,659",Open,4/4/2014,http://www.teslamotors.com/findus/location/supercharger/richfieldsupercharger,http://supercharge.info/service/supercharge/discuss?siteId=191
"Buckeye, AZ",416 S Watson RD,Buckeye,AZ,Buckeye_AZ,85326,USA,8.0,"33.443011, -112.556876",338,Open,3/20/2014,http://www.teslamotors.com/findus/location/supercharger/buckeyesupercharger,http://supercharge.info/service/supercharge/discuss?siteId=100
"Green River, UT",1765 East Main St,Green River,UT,GreenRiver_UT,84525,USA,4.0,"38.993577, -110.140513","1,240",Open,3/17/2014,http://www.teslamotors.com/findus/location/supercharger/greenriversupercharger,http://supercharge.info/service/supercharge/discuss?siteId=189
"Plymouth, NC",840 U.S. 64,Plymouth,NC,Plymouth_NC,27962,USA,8.0,"35.850587, -76.756116",5,Open,3/12/2014,http://www.teslamotors.com/findus/location/supercharger/plymouthsupercharger,http://supercharge.info/service/supercharge/discuss?siteId=165
"Lone Tree, CO",8401 Park Meadows Center Dr,Lone Tree,CO,LoneTree_CO,80124,USA,4.0,"39.563776, -104.875651","1,785",Open,2/26/2014,http://www.teslamotors.com/findus/location/supercharger/parkmeadows,http://supercharge.info/service/supercharge/discuss?siteId=127
"Aurora, IL",205 N. Broadway,Aurora,IL,Aurora_IL,60505,USA,4.0,"41.760671, -88.309184",197,Open,2/24/2014,http://www.teslamotors.com/findus/location/supercharger/aurorasupercharger,http://supercharge.info/service/supercharge/discuss?siteId=143
"Las Vegas, NV",701 Bridger Ave,Las Vegas,NV,LasVegas_NV,89101,USA,6.0,"36.165906, -115.138655",609,Open,2/19/2014,http://www.teslamotors.com/findus/location/supercharger/lasvegassupercharger,http://supercharge.info/service/supercharge/discuss?siteId=157
"Pleasant Prairie, WI",11211 120th Avenue,Pleasant Prairie,WI,PleasantPrairie_WI,53158,USA,8.0,"42.518715, -87.950428",216,Open,2/13/2014,http://www.teslamotors.com/findus/location/supercharger/pleasantprairiesupercharger,http://supercharge.info/service/supercharge/discuss?siteId=204
"Greenwich, CT (south)",2000 Merritt Parkway,Greenwich,CT,Greenwich_CT,6830,USA,4.0,"41.040555, -73.673445",81,Open,2/12/2014,http://www.teslamotors.com/findus/location/supercharger/greenwichsouthsupercharger,http://supercharge.info/service/supercharge/discuss?siteId=134
"Greenwich, CT (north)",3000 Merritt Parkway,Greenwich,CT,Greenwich_CT,6830,USA,4.0,"41.041538, -73.671661",82,Open,2/12/2014,http://www.teslamotors.com/findus/location/supercharger/greenwichnorthsupercharger,http://supercharge.info/service/supercharge/discuss?siteId=133
"Yuma, AZ",310 N Madison Ave,Yuma,AZ,Yuma_AZ,85364,USA,8.0,"32.726686, -114.619093",43,Open,2/4/2014,http://www.teslamotors.com/findus/location/supercharger/yumasupercharger,http://supercharge.info/service/supercharge/discuss?siteId=107
"Eau Claire, WI",4601 Keystone Crossing,Eau Claire,WI,EauClaire_WI,54701,USA,6.0,"44.77083, -91.43711",293,Open,1/30/2014,http://www.teslamotors.com/findus/location/supercharger/eauclairesupercharger,http://supercharge.info/service/supercharge/discuss?siteId=200
"Bethesda, MD",7101 Democracy Blvd,Bethesda,MD,Bethesda_MD,20817,USA,2.0,"39.023876, -77.144352",92,Open,1/30/2014,http://www.teslamotors.com/findus/location/supercharger/montgomerymall,http://supercharge.info/service/supercharge/discuss?siteId=150
"Hagerstown, MD",495 Premium Outlets Blvd,Hagerstown,MD,Hagerstown_MD,21740,USA,6.0,"39.605859, -77.733324",164,Open,1/23/2014,http://www.teslamotors.com/findus/location/supercharger/hagerstownsupercharger,http://supercharge.info/service/supercharge/discuss?siteId=151
"Kingman, AZ",789 West Beale Street,Kingman,AZ,Kingman_AZ,86401,USA,6.0,"35.191331, -114.065592","1,025",Open,1/22/2014,http://www.teslamotors.com/findus/location/supercharger/kingmansupercharger,http://supercharge.info/service/supercharge/discuss?siteId=104
"Moab, UT",16 South Main St.,Moab,UT,Moab_UT,84511,USA,4.0,"38.573122, -109.552368","1,224",Open,1/22/2014,http://www.teslamotors.com/findus/location/supercharger/moabsupercharger,http://supercharge.info/service/supercharge/discuss?siteId=190
"Cheyenne, WY",1400 Dell Range Blvd,Cheyenne,WY,Cheyenne_WY,82009,USA,4.0,"41.161085, -104.804955","1,859",Open,1/20/2014,http://www.teslamotors.com/findus/location/supercharger/cheyennesupercharger,http://supercharge.info/service/supercharge/discuss?siteId=205
"Syosset, NY",7 Aeriel Way,Syosset,NY,Syosset_NY,11791,USA,4.0,"40.799839, -73.515267",56,Open,1/18/2014,http://www.teslamotors.com/findus/location/supercharger/syosset,http://supercharge.info/service/supercharge/discuss?siteId=162
"Lumberton, NC",5093 Fayetteville Road,Lumberton,NC,Lumberton_NC,28358,USA,4.0,"34.667629, -79.002343",40,Open,1/17/2014,http://www.teslamotors.com/findus/location/supercharger/lumbertonsupercharger,http://supercharge.info/service/supercharge/discuss?siteId=164
"Savannah, GA",400 Airways Avenue,Savannah,GA,Savannah_GA,31408,USA,6.0,"32.135507, -81.212767",6,Open,1/15/2014,http://www.teslamotors.com/findus/location/supercharger/savannahsupercharger,http://supercharge.info/service/supercharge/discuss?siteId=141
"Albert Lea, MN",811 East Plaza St,Albert Lea,MN,AlbertLea_MN,56007,USA,4.0,"43.68606, -93.357721",383,Open,1/15/2014,http://www.teslamotors.com/findus/location/supercharger/albertleasupercharger,http://supercharge.info/service/supercharge/discuss?siteId=152
"Holbrook, AZ",2096 Navajo Blvd,Holbrook,AZ,Holbrook_AZ,86025,USA,4.0,"34.922962, -110.145558","1,596",Open,1/15/2014,http://www.teslamotors.com/findus/location/supercharger/holbrooksupercharger,http://supercharge.info/service/supercharge/discuss?siteId=103
"Macedonia, OH",8210 Macedonia Commons Blvd,Macedonia,OH,Macedonia_OH,44056,USA,6.0,"41.313663, -81.517018",296,Open,1/15/2014,http://www.teslamotors.com/findus/location/supercharger/macedoniasupercharger,http://supercharge.info/service/supercharge/discuss?siteId=167
"Blanding, UT",12 N Grayson Pkwy,Blanding,UT,Blanding_UT,84511,USA,4.0,"37.625553, -109.473842","1,849",Open,1/13/2014,http://www.teslamotors.com/findus/location/supercharger/blandingsupercharger,http://supercharge.info/service/supercharge/discuss?siteId=188
"Maumee, OH",1391 Conant Street,Maumee,OH,Maumee_OH,43537,USA,6.0,"41.57835, -83.66465",192,Open,1/13/2014,http://www.teslamotors.com/findus/location/supercharger/maumeesupercharger,http://supercharge.info/service/supercharge/discuss?siteId=168
"Madison, WI",89 E Towne Mall,Madison,WI,Madison_WI,53704,USA,3.0,"43.12669, -89.306896",267,Open,1/13/2014,http://www.teslamotors.com/findus/location/supercharger/madisonsupercharger,http://supercharge.info/service/supercharge/discuss?siteId=202
"Somerset, PA",1030 North Center Avenue,Somerset,PA,Somerset_PA,15501,USA,6.0,"40.017383, -79.077117",640,Open,1/10/2014,http://www.teslamotors.com/findus/location/supercharger/somersetsupercharger,http://supercharge.info/service/supercharge/discuss?siteId=175
"Grand Junction, CO",2420 U.S. 6,Grand Junction,CO,GrandJunction_CO,81505,USA,6.0,"39.090758, -108.604325","1,386",Open,1/10/2014,http://www.teslamotors.com/findus/location/supercharger/grandjunctionsupercharger,http://supercharge.info/service/supercharge/discuss?siteId=126
"Flagstaff, AZ",2650 S Beulah Blvd,Flagstaff,AZ,Flagstaff_AZ,86001,USA,4.0,"35.174272, -111.66328","2,106",Open,1/10/2014,http://www.teslamotors.com/findus/location/supercharger/flagstaffsupercharger,http://supercharge.info/service/supercharge/discuss?siteId=101
"Farmington, NM",4200 Sierra Vista Dr,Farmington,NM,Farmington_NM,87402,USA,4.0,"36.766371, -108.144047","1,673",Open,1/10/2014,http://www.teslamotors.com/findus/location/supercharger/farmingtonsupercharger,http://supercharge.info/service/supercharge/discuss?siteId=155
"Gallup, NM",111 Twin Buttes Rd,Gallup,NM,Gallup_NM,87301,USA,4.0,"35.505278, -108.828094","1,970",Open,1/7/2014,http://www.teslamotors.com/findus/location/supercharger/gallupsupercharger,http://supercharge.info/service/supercharge/discuss?siteId=156
"East Greenwich, RI",1000 Division St,East Greenwich,RI,EastGreenwich_RI,2818,USA,8.0,"41.660517, -71.497242",73,Open,1/6/2014,http://www.teslamotors.com/findus/location/supercharger/eastgreenwichsupercharger,http://www.teslamotorsclub.com/forumdisplay.php/77-Charging-Standards-and-Infrastructure
"La Crosse, WI",2845 Midwest Dr,Onalaska,WI,Onalaska_WI,54650,USA,6.0,"43.879042, -91.188428",219,Open,1/5/2014,http://www.teslamotors.com/findus/location/supercharger/lacrossesupercharger,http://supercharge.info/service/supercharge/discuss?siteId=201
"St Augustine, FL","2700 State Road 16, Suite 200",St. Augustine,FL,St.Augustine_FL,32092,USA,6.0,"29.920735, -81.416337",14,Open,1/3/2014,http://www.teslamotors.com/findus/location/supercharger/staugustinesupercharger,http://supercharge.info/service/supercharge/discuss?siteId=139
"Murdo, SD",302 W 5th St,Murdo,SD,Murdo_SD,57559,USA,4.0,"43.886915, -100.716887",691,Open,12/31/2013,http://www.teslamotors.com/findus/location/supercharger/murdosupercharger,http://supercharge.info/service/supercharge/discuss?siteId=180
"Santee, SC",114 Bradford Blvd.,Santee,SC,Santee_SC,29142,USA,6.0,"33.485858, -80.475763",39,Open,12/27/2013,http://www.teslamotors.com/findus/location/supercharger/santeesupercharger,http://supercharge.info/service/supercharge/discuss?siteId=178
"Ellensburg, WA",1620 Canyon Rd,Ellensburg,WA,Ellensburg_WA,98926,USA,5.0,"46.976918, -120.54162",454,Open,12/23/2013,http://www.teslamotors.com/findus/location/supercharger/ellensburgsupercharger,http://supercharge.info/service/supercharge/discuss?siteId=197
"Detroit Lake, OR",210 D Street,Detroit,OR,Detroit_OR,97342,USA,6.0,"44.737025, -122.152108",492,Open,12/23/2013,http://www.teslamotors.com/findus/location/supercharger/detroitlakesupercharger,http://www.teslamotorsclub.com/forumdisplay.php/77-Charging-Standards-and-Infrastructure
"JFK Airport, NY",150th Ave and 147th St,Queens,NY,Queens_NY,11430,USA,4.0,"40.66319, -73.793192",3,Open,12/23/2013,http://www.teslamotors.com/findus/location/supercharger/jfksupercharger,http://supercharge.info/service/supercharge/discuss?siteId=161
"Highland Park (SC), IL",1200 Old Skokie Road,Highland Park,IL,HighlandPark_IL,60035,USA,4.0,"42.17434, -87.816626",195,Open,12/20/2013,http://www.teslamotors.com/findus/location/supercharger/highlandpark,http://supercharge.info/service/supercharge/discuss?siteId=144
"Lusk, WY",730 S. Main St,Lusk,WY,Lusk_WY,82225,USA,4.0,"42.75625, -104.45267","1,529",Open,12/19/2013,http://www.teslamotors.com/findus/location/supercharger/lusksupercharger,http://supercharge.info/service/supercharge/discuss?siteId=206
"Vacaville, CA",321 Nut Tree RD,Vacaville,CA,Vacaville_CA,95687,USA,8.0,"38.366645, -121.958136",34,Open,12/19/2013,http://www.teslamotors.com/findus/location/supercharger/vacavillesupercharger,http://supercharge.info/service/supercharge/discuss?siteId=124
"Mitchell, SD",1305 W. Havens Street,Mitchell,SD,Mitchell_SD,57301,USA,6.0,"43.701129, -98.0445",410,Open,12/18/2013,http://www.teslamotors.com/findus/location/supercharger/mitchellsupercharger,http://www.teslamotorsclub.com/forumdisplay.php/77-Charging-Standards-and-Infrastructure
"Mishawaka, IN",6501 Grape Rd,Mishawaka,IN,Mishawaka_IN,46545,USA,6.0,"41.7174, -86.1887",234,Open,12/11/2013,http://www.teslamotors.com/findus/location/supercharger/mishawakasupercharger,http://supercharge.info/service/supercharge/discuss?siteId=148
"Worthington, MN",1290 Ryan's Rd,Worthington,MN,Worthington_MN,56187,USA,6.0,"43.63385, -95.595647",478,Open,12/11/2013,http://www.teslamotors.com/findus/location/supercharger/worthingtonsupercharger,http://supercharge.info/service/supercharge/discuss?siteId=153
"Angola, IN",3855 Indiana Rte 127,Angola,IN,Angola_IN,46703,USA,6.0,"41.699048, -85.000326",329,Open,12/9/2013,http://www.teslamotors.com/findus/location/supercharger/angolasupercharger,http://supercharge.info/service/supercharge/discuss?siteId=147
"Mauston, WI",640 Mc Evoy St,Mauston,WI,Mauston_WI,53948,USA,6.0,"43.795551, -90.059358",265,Open,12/9/2013,http://www.teslamotors.com/findus/location/supercharger/maustonsupercharger,http://www.teslamotorsclub.com/forumdisplay.php/77-Charging-Standards-and-Infrastructure
"St. Joseph, MI",3260 Niles Rd,St. Joseph,MI,St.Joseph_MI,49085,USA,8.0,"42.056357, -86.456352",210,Open,11/26/2013,http://www.teslamotors.com/findus/location/supercharger/stjosephsupercharger,http://supercharge.info/service/supercharge/discuss?siteId=154
"Rapid City, SD",2200 N. Maple Ave,Rapid City,SD,RapidCity_SD,57701,USA,4.0,"44.105601, -103.212569","1,006",Open,11/25/2013,http://www.teslamotors.com/findus/location/supercharger/rapidcitysupercharger,http://www.teslamotorsclub.com/forumdisplay.php/77-Charging-Standards-and-Infrastructure
"Huntsville, TX",148 Interstate 45,Huntsville,TX,Huntsville_TX,77340,USA,6.0,"30.716158, -95.565944",123,Open,11/20/2013,http://www.teslamotors.com/findus/location/supercharger/huntsvillesupercharger,http://www.teslamotorsclub.com/forumdisplay.php/77-Charging-Standards-and-Infrastructure
"Folsom, CA",13000 Folsom Blvd,Folsom,CA,Folsom_CA,95630,USA,4.0,"38.64258, -121.18806",63,Open,11/19/2013,http://www.teslamotors.com/findus/location/supercharger/folsomsupercharger,http://www.teslamotorsclub.com/forumdisplay.php/77-Charging-Standards-and-Infrastructure
"Corsicana, TX",2035 Interstate 45 Frontage Rd,Corsicana,TX,Corsicana_TX,75109,USA,6.0,"32.068577, -96.448229",132,Open,11/15/2013,http://www.teslamotors.com/findus/location/supercharger/corsicanasupercharger,http://www.teslamotorsclub.com/forumdisplay.php/77-Charging-Standards-and-Infrastructure
"Quartzsite, AZ",1451 W Main St,Quartzsite,AZ,Quartzsite_AZ,85346,USA,8.0,"33.661314, -114.242174",280,Open,11/14/2013,http://www.teslamotors.com/findus/location/supercharger/quartzsitesupercharger,http://www.teslamotorsclub.com/forumdisplay.php/77-Charging-Standards-and-Infrastructure
"Rocky Mount, NC",651 N. Winstead Avenue,Rocky Mount,NC,RockyMount_NC,27804,USA,8.0,"35.972874, -77.84687",40,Open,11/8/2013,http://www.teslamotors.com/findus/location/supercharger/rockymountsupercharger,http://supercharge.info/service/supercharge/discuss?siteId=166
"Springfield, OR",919 Kruse Way,Springfield,OR,Springfield_OR,97477,USA,8.0,"44.082605, -123.037471",133,Open,11/2/2013,http://www.teslamotors.com/findus/location/supercharger/springfieldsupercharger,http://www.teslamotorsclub.com/forumdisplay.php/77-Charging-Standards-and-Infrastructure
"Glen Allen, VA",9860 Brook Rd,Glen Allen,VA,GlenAllen_VA,23059,USA,8.0,"37.669832, -77.461419",49,Open,10/24/2013,http://www.teslamotors.com/findus/location/supercharger/glenallensupercharger,http://www.teslamotorsclub.com/forumdisplay.php/77-Charging-Standards-and-Infrastructure
"Mt Shasta, CA",111 Morgan Way,Mt. Shasta,CA,Mt.Shasta_CA,96067,USA,4.0,"41.310233, -122.317278","1,066",Open,10/23/2013,http://www.teslamotors.com/findus/location/supercharger/mtshastasupercharger,http://www.teslamotorsclub.com/forumdisplay.php/77-Charging-Standards-and-Infrastructure
"Grants Pass, OR",1900 NW 6th St.,Grants Pass,OR,GrantsPass_OR,97526,USA,4.0,"42.460883, -123.324124",335,Open,10/22/2013,http://www.teslamotors.com/findus/location/supercharger/grantspasssupercharger,http://www.teslamotorsclub.com/forumdisplay.php/77-Charging-Standards-and-Infrastructure
"Corning, CA",950 Hwy 99,Corning,CA,Corning_CA,96021,USA,6.0,"39.926454, -122.198393",87,Open,10/18/2013,http://www.teslamotors.com/findus/location/supercharger/corningsupercharger,http://www.teslamotorsclub.com/forumdisplay.php/77-Charging-Standards-and-Infrastructure
"Burlington, NC",1080 Piper Ln,Burlington,NC,Burlington_NC,27215,USA,8.0,"36.07079, -79.511211",197,Open,10/16/2013,http://www.teslamotors.com/findus/location/supercharger/burlingtonncsupercharger,http://supercharge.info/service/supercharge/discuss?siteId=163
"Columbus, TX",2535 Texas 71,Columbus,TX,Columbus_TX,78934,USA,6.0,"29.690062, -96.537725",57,Open,10/7/2013,http://www.teslamotors.com/findus/location/supercharger/columbussupercharger,http://www.teslamotorsclub.com/forumdisplay.php/77-Charging-Standards-and-Infrastructure
"Silverthorne, CO",309 Rainbow Dr,Silverthorne,CO,Silverthorne_CO,80498,USA,8.0,"39.631457, -106.070816","2,670",Open,10/3/2013,http://www.teslamotors.com/findus/location/supercharger/silverthornesupercharger,http://www.teslamotorsclub.com/forumdisplay.php/77-Charging-Standards-and-Infrastructure
"Glenwood Springs, CO",125 Wulfsohn Rd,Glenwood Springs,CO,GlenwoodSprings_CO,81601,USA,6.0,"39.55268, -107.340168","1,762",Open,9/17/2013,http://www.teslamotors.com/findus/location/supercharger/glenwoodspringssupercharger,http://supercharge.info/service/supercharge/discuss?siteId=125
"Port Orange, FL",5302 S. Williamson Blvd,Port Orange,FL,PortOrange_FL,32128,USA,6.0,"29.108566, -81.034569",7,Open,9/13/2013,http://www.teslamotors.com/findus/location/supercharger/portorangesupercharger,http://www.teslamotorsclub.com/forumdisplay.php/77-Charging-Standards-and-Infrastructure
"Rockford, IL",7200 Harrison Ave,Rockford,IL,Rockford_IL,61112,USA,6.0,"42.243896, -88.978877",238,Open,9/12/2013,http://www.teslamotors.com/findus/location/supercharger/rockfordsupercharger,http://supercharge.info/service/supercharge/discuss?siteId=145
"Waco, TX",701 Interstate 35,Bellmead,TX,Bellmead_TX,76705,USA,8.0,"31.58224, -97.10915",124,Open,9/7/2013,http://www.teslamotors.com/findus/location/supercharger/wacosupercharger,http://www.teslamotorsclub.com/forumdisplay.php/77-Charging-Standards-and-Infrastructure
"Woodburn, OR",255 N Arney Rd,Woodburn,OR,Woodburn_OR,97071,USA,8.0,"45.15313, -122.881254",56,Open,8/28/2013,http://www.teslamotors.com/findus/location/supercharger/woodburnsupercharger,http://www.teslamotorsclub.com/forumdisplay.php/77-Charging-Standards-and-Infrastructure
"San Marcos, TX",3939 Interstate 35,San Marcos,TX,SanMarcos_TX,78666,USA,5.0,"29.827692, -97.979677",202,Open,8/20/2013,http://www.teslamotors.com/findus/location/supercharger/sanmarcossupercharger,http://www.teslamotorsclub.com/forumdisplay.php/77-Charging-Standards-and-Infrastructure
"Fremont, CA",45500 Fremont Blvd,Fremont,CA,Fremont_CA,94538,USA,12.0,"37.493447, -121.945654",6,Open,8/16/2013,http://www.teslamotors.com/findus/location/supercharger/fremont,http://supercharge.info/service/supercharge/discuss?siteId=114
"Fort Myers, FL",9903 Gulf Coast Main Street,Fort Myers,FL,FortMyers_FL,33913,USA,8.0,"26.48564, -81.787136",6,Open,7/25/2013,http://www.teslamotors.com/findus/location/supercharger/fortmyerssupercharger,http://www.teslamotorsclub.com/forumdisplay.php/77-Charging-Standards-and-Infrastructure
"Port St. Lucie, FL",1773 N.W. St. Lucie W. Boulevard,Port St. Lucie,FL,PortSt.Lucie_FL,34986,USA,8.0,"27.313023, -80.406688",8,Open,7/24/2013,http://www.teslamotors.com/findus/location/supercharger/portstluciesupercharger,http://www.teslamotorsclub.com/forumdisplay.php/77-Charging-Standards-and-Infrastructure
"Centralia, WA",1200 Lum Rd,Centralia,WA,Centralia_WA,98531,USA,10.0,"46.729732, -122.977454",56,Open,7/17/2013,http://www.teslamotors.com/findus/location/supercharger/centraliasupercharger,http://www.teslamotorsclub.com/forumdisplay.php/77-Charging-Standards-and-Infrastructure
"Buellton, CA",555 McMurray RD,Buellton,CA,Buellton_CA,93427,USA,8.0,"34.61456, -120.188387",114,Open,7/13/2013,http://www.teslamotors.com/findus/location/supercharger/buelltonsupercharger,http://www.teslamotorsclub.com/forumdisplay.php/77-Charging-Standards-and-Infrastructure
"Burlington, WA",9384 Old Highway 99,Burlington,WA,Burlington_WA,98233,USA,8.0,"48.509772, -122.338625",7,Open,7/13/2013,http://www.teslamotors.com/findus/location/supercharger/burlingtonsupercharger,http://www.teslamotorsclub.com/forumdisplay.php/77-Charging-Standards-and-Infrastructure
"Atascadero, CA",6950 El Camino Real,Atascadero,CA,Atascadero_CA,93422,USA,8.0,"35.48656, -120.66633",262,Open,7/3/2013,http://www.teslamotors.com/findus/location/supercharger/atascaderosupercharger,http://www.teslamotorsclub.com/forumdisplay.php/77-Charging-Standards-and-Infrastructure
"Normal, IL",Uptown Station Parking Deck 11 Uptown Circle,Normal,IL,Normal_IL,61761,USA,4.0,"40.508497, -88.985575",236,Open,6/26/2013,http://www.teslamotors.com/findus/location/supercharger/normalillinoissupercharger,http://supercharge.info/service/supercharge/discuss?siteId=146
"Darien, CT (north)",Connecticut Welcome Center,Darien,CT,Darien_CT,6820,USA,4.0,"41.080599, -73.461905",13,Open,6/19/2013,http://www.teslamotors.com/findus/location/supercharger/dariennorthsupercharger,http://www.teslamotorsclub.com/forumdisplay.php/77-Charging-Standards-and-Infrastructure
"Darien, CT (south)",I-95 South after exit 10,Darien,CT,Darien_CT,6820,USA,4.0,"41.068167, -73.504659",14,Open,6/19/2013,http://www.teslamotors.com/findus/location/supercharger/dariensouthsupercharger,http://www.teslamotorsclub.com/forumdisplay.php/77-Charging-Standards-and-Infrastructure
"Newark, DE",530 JFK Memorial Highway,Newark,DE,Newark_DE,19725,USA,12.0,"39.662313, -75.69198",18,Open,12/21/2012,http://www.teslamotors.com/findus/location/supercharger/newarksupercharger,http://supercharge.info/service/supercharge/discuss?siteId=135
"Milford, CT (north)",1 CT Turnpike N,Milford,CT,Milford_CT,6460,USA,2.0,"41.245814, -73.008988",19,Open,12/16/2012,http://www.teslamotors.com/findus/location/supercharger/milfordnorthsupercharger,http://www.teslamotorsclub.com/forumdisplay.php/77-Charging-Standards-and-Infrastructure
"Milford, CT (south)",1 CT Turnpike S,Milford,CT,Milford_CT,6460,USA,2.0,"41.246232, -73.010529",19,Open,12/16/2012,http://www.teslamotors.com/findus/location/supercharger/milfordsouthsupercharger,http://www.teslamotorsclub.com/forumdisplay.php/77-Charging-Standards-and-Infrastructure
"Barstow, CA",2812 Lenwood Rd,Barstow,CA,Barstow_CA,92311,USA,8.0,"34.849129, -117.085446",725,Open,11/19/2012,http://www.teslamotors.com/findus/location/supercharger/barstowsupercharger,http://supercharge.info/service/supercharge/discuss?siteId=109
"Tejon Ranch, CA",5602 Dennis McCarthy Dr,Lebec,CA,Lebec_CA,93243,USA,6.0,"34.98734, -118.94623",337,Open,11/19/2012,http://www.teslamotors.com/findus/location/supercharger/tejonranchsupercharger,http://www.teslamotorsclub.com/forumdisplay.php/77-Charging-Standards-and-Infrastructure
"Gilroy, CA",681 Leavesley Road,Gilroy,CA,Gilroy_CA,95020,USA,10.0,"37.02493, -121.56542",63,Open,11/19/2012,http://www.teslamotors.com/findus/location/supercharger/gilroysupercharger,http://www.teslamotorsclub.com/forumdisplay.php/77-Charging-Standards-and-Infrastructure
"Harris Ranch, CA",24505 W. Dorris Ave,Coalinga,CA,Coalinga_CA,93210,USA,10.0,"36.25415, -120.237896",139,Open,11/19/2012,http://www.teslamotors.com/findus/location/supercharger/harrisranchsupercharger,http://supercharge.info/service/supercharge/discuss?siteId=116
"Hawthorne, CA",1 Rocket Rd,Hawthorne,CA,Hawthorne_CA,90250,USA,12.0,"33.921068, -118.330054",18,Open,11/19/2012,http://www.teslamotors.com/findus/location/supercharger/losangelessupercharger,http://www.teslamotorsclub.com/forumdisplay.php/77-Charging-Standards-and-Infrastructure
"Riviere du Loup, QC","311, boul. Hotel-de-Ville",Riviere du Loup,QC,RiviereduLoup_QC,G5R 5S4,Canada,4.0,"47.820698, -69.556444",40,Permit,1/0/1900,http://www.teslamotors.com/findus/location/supercharger/undefined,http://supercharge.info/service/supercharge/discuss?siteId=607
"Eureka, CA","Bayshore Mall, 3300 Broadway St",Eureka,CA,Eureka_CA,95501,USA,8.0,"40.778787, -124.188448",6,Permit,1/0/1900,http://www.teslamotors.com/findus/location/supercharger/undefined,http://supercharge.info/service/supercharge/discuss?siteId=753
"Laurel, MD",14700 Baltimore Ave,Laurel,MD,Laurel_MD,20707,USA,8.0,"39.09506, -76.858193",55,Permit,1/0/1900,http://www.teslamotors.com/findus/location/supercharger/undefined,http://supercharge.info/service/supercharge/discuss?siteId=774
"Sulphur Springs, TX",300 Block of Tomlinson St,Sulphur Springs,TX,SulphurSprings_TX,75482,USA,8.0,"33.137078, -95.603048",151,Permit,1/0/1900,http://www.teslamotors.com/findus/location/supercharger/undefined,http://supercharge.info/service/supercharge/discuss?siteId=782
"Erie, PA",2225 Downs Dr,Erie,PA,Erie_PA,16509,USA,6.0,"42.049473, -80.086281",358,Permit,1/0/1900,http://www.teslamotors.com/findus/location/supercharger/undefined,http://supercharge.info/service/supercharge/discuss?siteId=786
"Lindale, TX",Collin Street Bakery 17044 I-20,Lindale,TX,Lindale_TX,75771,USA,8.0,"32.470709, -95.45098",167,Construction,1/0/1900,http://www.teslamotors.com/findus/location/supercharger/undefined,http://supercharge.info/service/supercharge/discuss?siteId=787
"Rolla, MO",1705 Martin Spring Dr,Rolla,MO,Rolla_MO,65401,USA,8.0,"37.939955, -91.802578",293,Permit,1/0/1900,http://www.teslamotors.com/findus/location/supercharger/undefined,http://supercharge.info/service/supercharge/discuss?siteId=791
"Peru, IL",1651 Midtown Rd,Peru,IL,Peru_IL,61354,USA,8.0,"41.347767, -89.126105",195,Permit,1/0/1900,http://www.teslamotors.com/findus/location/supercharger/undefined,http://supercharge.info/service/supercharge/discuss?siteId=794
"Santa Ana, CA",2800 N Main St,Santa Ana,CA,SantaAna_CA,92705,USA,12.0,"33.774811, -117.871671",47,Permit,1/0/1900,http://www.teslamotors.com/findus/location/supercharger/undefined,http://supercharge.info/service/supercharge/discuss?siteId=796
"Lima, MT","108 Bailey St,",Lima,MT,Lima_MT,59739,USA,6.0,"44.632745, -112.591203","1,912",Permit,1/0/1900,http://www.teslamotors.com/findus/location/supercharger/undefined,http://supercharge.info/service/supercharge/discuss?siteId=800
"Idaho Falls, ID",1490 Milligan Road,Idaho Falls,ID,IdahoFalls_ID,0,USA,6.0,"43.48473, -112.05128","1,426",Permit,1/0/1900,http://www.teslamotors.com/findus/location/supercharger/undefined,http://supercharge.info/service/supercharge/discuss?siteId=801
"Groveland, CA",11875 Ponderosa Ln,Groveland,CA,Groveland_CA,95321,USA,4.0,"37.8388, -120.2319",865,Permit,1/0/1900,http://www.teslamotors.com/findus/location/supercharger/undefined,http://supercharge.info/service/supercharge/discuss?siteId=804
"Fremont-2, CA",47400 Kato Rd,Fremont,CA,Fremont_CA,0,USA,20.0,"37.479048, -121.933194",7,Construction,1/0/1900,http://www.teslamotors.com/findus/location/supercharger/undefined,http://supercharge.info/service/supercharge/discuss?siteId=724
"Temecula, CA",40780 Ring Rd,Temecula,CA,Temecula_CA,92591,USA,10.0,"33.523222, -117.153291",324,Construction,1/0/1900,http://www.teslamotors.com/findus/location/supercharger/undefined,http://supercharge.info/service/supercharge/discuss?siteId=811
"Cisco, TX",16851 Interstate Highway 20,Cisco,TX,Cisco_TX,76437,USA,6.0,"32.373757, -99.008653",513,Permit,1/0/1900,http://www.teslamotors.com/findus/location/supercharger/undefined,http://supercharge.info/service/supercharge/discuss?siteId=812
"Southampton, NY",850 Southampton Bypass,Southampton,NY,Southampton_NY,11968,USA,6.0,"40.891923, -72.426968",14,Construction,1/0/1900,http://www.teslamotors.com/findus/location/supercharger/undefined,http://www.teslamotorsclub.com/forumdisplay.php/77-Charging-Standards-and-Infrastructure
"Napa, CA",Devlin Rd & Airport Blvd,Napa,CA,Napa_CA,94558,USA,8.0,"38.2356, -122.264",15,Construction,1/0/1900,http://www.teslamotors.com/findus/location/supercharger/undefined,http://supercharge.info/service/supercharge/discuss?siteId=491
"Santa Barbara, CA",400 Hitchcock Way,Santa Barbara,CA,SantaBarbara_CA,93105,USA,8.0,"34.433391, -119.745638",50,Permit,1/0/1900,http://www.teslamotors.com/findus/location/supercharger/undefined,http://supercharge.info/service/supercharge/discuss?siteId=671
"Tonopah, NV",201 N. Main St.,Tonopah,NV,Tonopah_NV,89049,USA,6.0,"38.069725, -117.232258","1,834",Permit,1/0/1900,http://www.teslamotors.com/findus/location/supercharger/undefined,http://supercharge.info/service/supercharge/discuss?siteId=740
"Placerville, CA",1200 Broadway,Placerville,CA,Placerville_CA,95667,USA,6.0,"38.730986, -120.787437",581,Permit,1/0/1900,http://www.teslamotors.com/findus/location/supercharger/undefined,http://supercharge.info/service/supercharge/discuss?siteId=741
"Catoosa, OK",19250 Timbercrest Cir,Catoosa,OK,Catoosa_OK,74015,USA,6.0,"36.167306, -95.766217",209,Permit,1/0/1900,http://www.teslamotors.com/findus/location/supercharger/undefined,http://supercharge.info/service/supercharge/discuss?siteId=742
"Crescent City, CA",1064 Front St,Crescent City,CA,CrescentCity_CA,95531,USA,6.0,"41.752546, -124.194827",4,Permit,1/0/1900,http://www.teslamotors.com/findus/location/supercharger/undefined,http://supercharge.info/service/supercharge/discuss?siteId=595
